Ticket ID,Date,Time,Agent Name,Contact Method,Customer Name,Customer Email,Account ID,Issue Category,Issue Description,Steps Taken,Resolution Status,Resolution Time (mins),Follow-Up Needed,Follow-Up Date,Escalated To,Notes
TKT-001,2025-01-06,09:05 AM,Udeme Olaniyan,Phone,Sarah Johnson,sarah.j@email.com,ACC-10042,Access - Password Reset,Customer unable to log in. Password not accepted after recent system update.,1. Verified identity. 2. Confirmed correct email. 3. Sent password reset link. 4. Stayed on line while customer completed reset. 5. Confirmed successful login.,Resolved,6,No,,,Customer was relieved and thanked agent. Noted that reset email went to spam.
TKT-002,2025-01-06,09:31 AM,Udeme Olaniyan,Email,Marcus Williams,m.williams@company.com,ACC-10089,Technical - VPN,Customer reports VPN disconnecting every 10-15 minutes since yesterday.,1. Confirmed internet connection stable. 2. Had customer update VPN client. 3. Flushed DNS cache. 4. Issue persisted — escalated to Tier 2 with full context.,Escalated,12,Yes,2025-01-07,Tier 2 Network Team,Possible ISP-side routing issue. Tier 2 to investigate further.
TKT-003,2025-01-06,10:14 AM,Udeme Olaniyan,Chat,Priya Patel,priya.p@email.com,ACC-10156,Billing - Incorrect Charge,Customer charged twice for January subscription. Requesting refund.,1. Verified identity. 2. Pulled billing history — confirmed duplicate charge. 3. Submitted refund request. 4. Informed customer refund will appear in 3-5 business days.,Resolved,8,Yes,2025-01-11,,Refund reference #RF-2025-0042 issued. Will follow up to confirm receipt.
TKT-004,2025-01-06,11:00 AM,Udeme Olaniyan,Phone,David Kim,d.kim@company.com,ACC-10203,Access - Account Locked,Customer locked out after 5 failed login attempts.,1. Verified identity. 2. Unlocked account in admin portal. 3. Advised customer on password best practices. 4. Confirmed successful login.,Resolved,4,No,,,Quick resolution. Customer asked about setting up two-factor authentication — directed to self-service portal.
TKT-005,2025-01-06,11:44 AM,Udeme Olaniyan,Email,Lisa Thompson,l.thompson@email.com,ACC-10278,Technical - App Crash,Application crashes on startup since OS update yesterday.,1. Confirmed OS version (Windows 11 update). 2. Had customer clear cache. 3. Uninstall/reinstall app. 4. Issue resolved after reinstall.,Resolved,9,No,,,Known issue with recent Win11 patch. Added to knowledge base for future reference.
TKT-006,2025-01-06,01:15 PM,Udeme Olaniyan,Phone,James Carter,j.carter@company.com,ACC-10341,General - Feature Question,Customer asking how to export data from the platform.,1. Located export feature documentation. 2. Walked customer through steps in real time. 3. Customer confirmed successful export.,Resolved,5,No,,,Suggested adding a more visible export button to product feedback log.
TKT-007,2025-01-06,02:30 PM,Udeme Olaniyan,Chat,Angela Reyes,a.reyes@email.com,ACC-10412,Access - Email Change,Customer wants to update email address on account.,1. Verified identity with secondary verification (DOB). 2. Updated email in admin portal. 3. Sent confirmation to new email. 4. Customer confirmed receipt.,Resolved,7,No,,,Secondary verification required because primary email no longer accessible.
TKT-008,2025-01-06,03:10 PM,Udeme Olaniyan,Phone,Robert Nguyen,r.nguyen@company.com,ACC-10489,Technical - DNS,Customer can connect to VPN but cannot access internal systems.,1. Confirmed VPN connection status. 2. Ran DNS flush (ipconfig /flushdns). 3. Confirmed system access restored.,Resolved,5,No,,,Classic post-VPN DNS issue. Straightforward resolution.
TKT-009,2025-01-06,03:55 PM,Udeme Olaniyan,Email,Michelle Davis,m.davis@email.com,ACC-10534,Billing - Cancellation,Customer requesting account cancellation.,1. Verified identity. 2. Reviewed account — customer eligible for pause option. 3. Presented pause as alternative. 4. Customer chose to pause for 30 days instead of cancelling.,Resolved,10,Yes,2025-02-06,,Customer appreciated the alternative. Scheduled follow-up for Feb 6 to check in.
TKT-010,2025-01-06,04:40 PM,Udeme Olaniyan,Phone,Tom Baker,t.baker@company.com,ACC-10601,Technical - Connectivity,Customer unable to load any pages within the platform — all other internet works.,1. Confirmed internet working. 2. Cleared browser cache/cookies. 3. Tested in different browser — worked. 4. Original browser identified as Chrome with conflicting extension.,Resolved,8,No,,,Browser extension (ad blocker) was interfering. Advised customer to whitelist the platform domain.
